{"ref_con-switchner-1_seedreduce": {"mean": 0.2748605055301834, "edit_ratio": 0.04386703382847995, "std": 0.001042058050015093}, "ref_con-switchner-3_seedreduce": {"mean": 0.2663765194335097, "edit_ratio": 0.08854611600810011, "std": 0.0025088402225102602}}