{"ref_con-negate-0.5_seedreduce": {"mean": 0.2768884552596098, "edit_ratio": 0.059445076397157, "std": 0.0005722335851088465}, "ref_con-negate-1.0_seedreduce": {"mean": 0.26753141841592215, "edit_ratio": 0.12196494732653336, "std": 0.0}}