{"ref_con-switchnoun-2_seedreduce": {"mean": 0.27610949285351283, "edit_ratio": 0.04186372111702439, "std": 0.0009793342643845048}, "ref_con-switchnoun-7_seedreduce": {"mean": 0.26718621146909494, "edit_ratio": 0.07914245654584182, "std": 0.0008656257185340431}}