{"ref_con-replacesent-1_seedreduce": {"mean": 0.24792236443685195, "edit_ratio": 0.3426104906475012, "std": 0.002373865324130357}, "ref_con-replacesent-2_seedreduce": {"mean": 0.19916476695030977, "edit_ratio": 0.677823671418596, "std": 0.00435970516727017}}