{"ref_con-switchverb-8_seedreduce": {"mean": 0.27452984158364585, "edit_ratio": 0.04907513421713569, "std": 0.0006041203899583543}}