{"ref_con-bertdiverge-0.1_seedreduce": {"mean": 0.28296464230900387, "edit_ratio": 0.03697799280843146, "std": 0.001670421628450315}, "ref_con-bertdiverge-0.2_seedreduce": {"mean": 0.2787133706402492, "edit_ratio": 0.07964913100915691, "std": 0.0009711822806314364}, "ref_con-bertdiverge-0.3_seedreduce": {"mean": 0.27500522279190925, "edit_ratio": 0.11846617049493272, "std": 0.001178737023960454}, "ref_con-bertdiverge-0.4_seedreduce": {"mean": 0.2700991831750911, "edit_ratio": 0.15377137483050027, "std": 0.002308545648682423}}