{"ref_con-switchsent-1_seedreduce": {"mean": 0.2785047086393536, "edit_ratio": 0.2875228787713522, "std": 0.0014995770215297057}, "ref_con-switchsent-2_seedreduce": {"mean": 0.2680086450331364, "edit_ratio": 0.3412508455400689, "std": 0.002815407945644885}}