{"ref_con-genericner-0.5_seedreduce": {"mean": 0.26109522932110685, "edit_ratio": 0.11560596331389741, "std": 0.0022696518709677056}, "ref_con-genericner-1.0_seedreduce": {"mean": 0.23042416337168753, "edit_ratio": 0.22741894800928705, "std": 0.00034731948285899927}}