{"ref_flu-removearticle-0.5_seedreduce": {"mean": 0.27953034049321984, "edit_ratio": 0.039100057909317296, "std": 0.0005194755223055821}, "ref_flu-removearticle-1.0_seedreduce": {"mean": 0.2708683611950192, "edit_ratio": 0.08095159242567673, "std": 0.0}}