{"ref_flu-randomworddrop-0.05_seedreduce": {"mean": 0.2815958730232655, "edit_ratio": 0.06068594990104224, "std": 0.0018546741769721738}, "ref_flu-randomworddrop-0.1_seedreduce": {"mean": 0.28026058855487085, "edit_ratio": 0.11108179594343293, "std": 0.0009487952180482256}, "ref_flu-randomworddrop-0.15_seedreduce": {"mean": 0.27436874634586955, "edit_ratio": 0.16266849747800285, "std": 0.0021341174653660747}, "ref_flu-randomworddrop-0.2_seedreduce": {"mean": 0.27100713512176605, "edit_ratio": 0.2095842644444065, "std": 0.001953418146544996}, "ref_flu-randomworddrop-0.25_seedreduce": {"mean": 0.2666167627035533, "edit_ratio": 0.2599855976509703, "std": 0.0016264933716418819}, "ref_flu-randomworddrop-0.3_seedreduce": {"mean": 0.26206827114416237, "edit_ratio": 0.3114445404333061, "std": 0.0020902560829906855}, "ref_flu-randomworddrop-0.35_seedreduce": {"mean": 0.25761883277685593, "edit_ratio": 0.36113946020983334, "std": 0.003051458633603307}, "ref_flu-randomworddrop-0.4_seedreduce": {"mean": 0.2512454196433644, "edit_ratio": 0.40822623338065106, "std": 0.003297495373618854}, "ref_flu-randomworddrop-0.45_seedreduce": {"mean": 0.24348488329637466, "edit_ratio": 0.46131710158188766, "std": 0.002686581978818931}, "ref_flu-randomworddrop-0.5_seedreduce": {"mean": 0.23679842687481267, "edit_ratio": 0.5065164441795698, "std": 0.002970026439910624}}