{"ref_flu-randomtokenrep-0.05_seedreduce": {"mean": 0.27749493943894266, "edit_ratio": 0.06068594990104224, "std": 0.00023654611778776207}, "ref_flu-randomtokenrep-0.1_seedreduce": {"mean": 0.2717418775991042, "edit_ratio": 0.11108179594343293, "std": 0.00044148504851405186}, "ref_flu-randomtokenrep-0.15_seedreduce": {"mean": 0.2651016009481609, "edit_ratio": 0.16266849747800285, "std": 0.0006688000664486153}, "ref_flu-randomtokenrep-0.2_seedreduce": {"mean": 0.25938042478413825, "edit_ratio": 0.2095842644444065, "std": 0.0007546481391137369}, "ref_flu-randomtokenrep-0.25_seedreduce": {"mean": 0.2540667430512601, "edit_ratio": 0.2599855976509703, "std": 0.000630822665381766}, "ref_flu-randomtokenrep-0.3_seedreduce": {"mean": 0.24798461248818446, "edit_ratio": 0.3114445404333061, "std": 0.0006122744867933528}, "ref_flu-randomtokenrep-0.35_seedreduce": {"mean": 0.2432006344468293, "edit_ratio": 0.36113946020983334, "std": 0.000363004878656706}, "ref_flu-randomtokenrep-0.4_seedreduce": {"mean": 0.2388407429416053, "edit_ratio": 0.40822623338065106, "std": 0.0004394830546078204}, "ref_flu-randomtokenrep-0.45_seedreduce": {"mean": 0.23397042962908493, "edit_ratio": 0.46131710158188766, "std": 0.0006605466283416878}, "ref_flu-randomtokenrep-0.5_seedreduce": {"mean": 0.2290882274826823, "edit_ratio": 0.5065164441795698, "std": 0.0006531967412811798}}