{"ref_flu-lemmatizeverb-0.5_seedreduce": {"mean": 0.2848462006960763, "edit_ratio": 0.050932090677593966, "std": 0.00021532473066807818}, "ref_flu-lemmatizeverb-1.0_seedreduce": {"mean": 0.283911948205515, "edit_ratio": 0.10171453610956897, "std": 0.0}}