{"ref_flu-removepreposition-0.4_seedreduce": {"mean": 0.2827186311623808, "edit_ratio": 0.05416363633751773, "std": 0.0008920300525228385}, "ref_flu-removepreposition-0.7_seedreduce": {"mean": 0.2791810736836919, "edit_ratio": 0.09326962765474078, "std": 0.0007828719229803591}, "ref_flu-removepreposition-1.0_seedreduce": {"mean": 0.2742385111947636, "edit_ratio": 0.1348331613907354, "std": 0.0}}