{"ref_flu-noisepunct-0.5_seedreduce": {"mean": 0.286197174378795, "edit_ratio": 0.0517825577875469, "std": 0.0}, "ref_flu-noisepunct-1.0_seedreduce": {"mean": 0.286197174378795, "edit_ratio": 0.10485804129630287, "std": 0.0}}