{"ref_flu-truncate-0.1": {"mean": 0.28995179295502677, "edit_ratio": 0.11394846261009961, "std": 0.0}, "ref_flu-truncate-0.2": {"mean": 0.29540014980564294, "edit_ratio": 0.21517126156849553, "std": 0.0}, "ref_flu-truncate-0.3": {"mean": 0.29805044586197327, "edit_ratio": 0.31228059707818623, "std": 0.0}, "ref_flu-truncate-0.4": {"mean": 0.29977399695497153, "edit_ratio": 0.41329229876565615, "std": 0.0}, "ref_flu-truncate-0.5": {"mean": 0.3017592975809248, "edit_ratio": 0.5150551981912579, "std": 0.0}}