{"ref_flu-sentencemiddleswap-1_seedreduce": {"mean": 0.2766260191219382, "edit_ratio": 0.14452538052300518, "std": 0.001939375740243656}, "ref_flu-sentencemiddleswap-2_seedreduce": {"mean": 0.2670442525739799, "edit_ratio": 0.25522488966731505, "std": 0.0012664104923768794}, "ref_flu-sentencemiddleswap-3_seedreduce": {"mean": 0.25893520921097685, "edit_ratio": 0.3213939773293375, "std": 0.0012578781854253893}}