{"ref_flu-randomlocalswap-0.05_seedreduce": {"mean": 0.279910022192836, "edit_ratio": 0.05592969818650197, "std": 0.0005540897746663647}, "ref_flu-randomlocalswap-0.15_seedreduce": {"mean": 0.272662263869894, "edit_ratio": 0.1173352896055578, "std": 0.0004413571597357943}, "ref_flu-randomlocalswap-0.3_seedreduce": {"mean": 0.2655743850337147, "edit_ratio": 0.16891667921317238, "std": 0.002230749477395117}, "ref_flu-randomlocalswap-0.6_seedreduce": {"mean": 0.2567530753716796, "edit_ratio": 0.22169493355252837, "std": 0.0011210659920626983}}