{"ref_flu-removestopwords-0.1_seedreduce": {"mean": 0.2830235934824631, "edit_ratio": 0.04386755712913328, "std": 0.0015453314771594509}, "ref_flu-removestopwords-0.2_seedreduce": {"mean": 0.2810393433569671, "edit_ratio": 0.08756468082255431, "std": 0.0014385102345374965}, "ref_flu-removestopwords-0.3_seedreduce": {"mean": 0.2780273263353048, "edit_ratio": 0.1302206217762179, "std": 0.0014515664947173487}, "ref_flu-removestopwords-0.4_seedreduce": {"mean": 0.27577868965658686, "edit_ratio": 0.17474227883513332, "std": 0.0023101649991173344}, "ref_flu-removestopwords-0.5_seedreduce": {"mean": 0.271809500140945, "edit_ratio": 0.21862632233156995, "std": 0.0025468919458164264}, "ref_flu-removestopwords-0.6_seedreduce": {"mean": 0.26824040475276406, "edit_ratio": 0.2633051158602376, "std": 0.00347623909588661}}